MAP	Std	alpha_ridge
0.00640946325256	0.0	7000
0.00641686238567	0.0	8000
0.00642866280957	0.0	9000
