MAP	Std	l1_ratio
0.00365962078249	0.0	0.0001
0.00481961390846	0.0	1e-05
0.00634876171927	0.0	1e-06
0.00638732313685	0.0	1e-07
