MAP	Std	sh
0.00349736445059	0.0	100
0.00351497482173	0.0	200
0.0035175935536	0.0	500
0.00351326904226	0.0	1000
0.0035123681024	0.0	2000
0.0035123681024	0.0	5000
0.0035123681024	0.0	10000
0.0035123681024	0.0	20000
