MAP	Std	count
0.00242170108358	0.000853940464219	True
0.0021589078022	0.000504799372828	False
