MAP	Std	k_nn	alpha_ridge
0.0130212563061	0.0	20000	10000
0.0117204995693	0.0	20000	25000
0.0127543989172	0.0	20000	50000
0.0127993109388	0.0	20000	75000
0.0130152577827	0.0	20000	100000
