MAP	Std	similarity	aa_sh	k_nn	alpha_ridge
0.0124553955949	0.0	CF	2000	20000	100000.0
0.00961301833395	0.0	CB	2000	20000	100000.0
